sale_id,customer_id,product_id,quantity,sale_date
1,72,12,5,2026-03-25
2,97,31,8,2026-02-22
3,156,10,8,2025-07-04
4,216,42,9,2025-07-05
5,260,91,7,2025-12-26
6,196,67,7,2025-12-03
7,237,55,7,2025-09-10
8,177,55,9,2025-08-14
9,109,56,1,2026-01-15
10,65,32,8,2025-07-02
11,65,21,5,2025-09-19
12,280,63,7,2025-07-14
13,82,64,1,2025-11-28
14,94,55,6,2025-08-28
15,176,94,6,2025-10-10
16,205,61,5,2025-11-10
17,233,80,3,2025-08-30
18,214,79,9,2025-06-11
19,94,87,7,2025-10-01
20,172,12,7,2025-07-30
21,283,61,5,2025-06-24
22,135,29,5,2026-02-28
23,5,6,2,2025-10-06
24,184,13,2,2026-04-03
25,25,19,1,2026-03-26
26,240,67,1,2025-06-14
27,95,32,3,2026-01-10
28,139,4,6,2026-03-12
29,49,83,8,2026-05-12
30,26,67,2,2025-11-24
31,204,5,4,2025-10-04
32,156,84,4,2025-10-05
33,286,60,4,2025-06-20
34,290,8,8,2025-12-02
35,240,94,5,2025-10-19
36,280,95,5,2025-09-17
37,181,40,5,2025-10-01
38,229,12,9,2026-03-09
39,259,78,8,2026-01-13
40,143,4,1,2026-02-11
41,31,81,9,2025-07-09
42,98,34,8,2026-05-03
43,191,75,1,2025-08-04
44,11,76,1,2026-03-06
45,75,80,1,2026-01-26
46,153,29,8,2025-09-26
47,190,87,3,2026-03-30
48,228,51,5,2025-08-23
49,61,92,5,2025-12-16
50,290,90,2,2026-03-30
51,287,32,8,2025-09-25
52,77,18,3,2025-08-27
53,290,70,1,2025-08-16
54,194,86,5,2025-07-04
55,28,83,9,2025-06-23
56,204,77,2,2025-08-01
57,22,30,7,2025-11-27
58,257,52,6,2026-03-04
59,59,97,2,2025-06-24
60,176,52,5,2025-10-24
61,212,98,3,2025-08-09
62,175,88,2,2025-08-16
63,280,17,3,2025-07-03
64,126,46,9,2025-09-09
65,182,59,2,2026-03-12
66,208,54,6,2025-11-28
67,211,39,1,2025-07-03
68,204,21,9,2025-10-22
69,103,57,8,2025-11-18
70,161,24,2,2026-03-06
71,91,69,4,2026-03-17
72,219,66,6,2026-01-28
73,96,9,8,2025-09-06
74,27,66,2,2026-02-25
75,1,53,9,2026-05-24
76,184,12,9,2026-04-28
77,57,84,9,2025-09-13
78,235,39,4,2025-08-27
79,65,28,2,2026-03-29
80,226,70,1,2026-03-26
81,151,52,1,2025-06-09
82,109,49,6,2025-12-04
83,280,53,8,2026-04-04
84,97,47,3,2026-03-11
85,88,10,5,2026-05-01
86,44,49,6,2026-03-26
87,161,75,6,2026-01-22
88,258,12,1,2025-10-22
89,170,75,4,2026-05-01
90,74,60,3,2025-09-12
91,16,80,6,2026-04-30
92,269,51,1,2025-06-04
93,296,60,5,2025-06-08
94,95,88,7,2025-08-29
95,186,57,7,2025-10-27
96,233,12,4,2025-09-12
97,261,7,3,2025-08-21
98,192,45,8,2025-08-28
99,59,19,7,2025-08-10
100,97,40,9,2026-06-03
101,144,12,3,2025-10-23
102,242,75,1,2025-12-15
103,65,69,6,2026-05-06
104,291,71,9,2025-09-09
105,163,2,8,2025-06-08
106,225,49,6,2025-07-17
107,239,4,9,2026-05-17
108,141,13,5,2026-04-11
109,22,13,6,2025-10-28
110,201,93,3,2025-09-16
111,294,28,5,2025-12-19
112,290,97,8,2025-11-15
113,147,81,3,2025-07-14
114,68,42,4,2025-10-02
115,212,13,9,2026-02-26
116,292,94,9,2026-02-13
117,149,77,3,2025-08-04
118,205,31,5,2026-05-03
119,116,5,5,2026-01-09
120,135,88,9,2025-08-14
121,213,8,8,2026-04-14
122,58,26,9,2025-09-29
123,30,23,4,2025-06-30
124,128,63,4,2026-05-19
125,95,51,2,2026-01-24
126,249,38,7,2026-03-22
127,286,55,3,2025-09-06
128,118,19,9,2025-08-22
129,216,20,6,2026-04-15
130,174,83,8,2025-08-08
131,221,83,8,2026-05-18
132,68,77,4,2025-08-09
133,124,83,9,2025-09-13
134,184,41,6,2025-08-07
135,218,55,7,2026-05-25
136,162,43,7,2025-12-22
137,19,26,2,2025-07-09
138,286,66,9,2025-12-13
139,29,37,1,2025-12-08
140,114,25,1,2025-07-27
141,218,90,3,2026-05-11
142,200,73,6,2026-03-07
143,109,84,8,2026-02-10
144,87,55,7,2025-10-14
145,214,43,4,2025-10-02
146,163,72,1,2025-12-22
147,277,60,6,2026-03-27
148,139,72,5,2025-07-16
149,86,96,1,2025-07-02
150,266,22,3,2025-09-22
151,232,7,5,2025-07-26
152,137,14,7,2026-04-15
153,283,94,5,2026-02-26
154,176,17,4,2026-04-29
155,31,54,6,2025-08-23
156,200,60,7,2026-02-27
157,299,4,7,2025-12-08
158,65,51,6,2025-10-18
159,278,11,6,2025-12-19
160,274,55,6,2026-02-21
161,11,90,1,2026-02-22
162,57,28,3,2026-03-26
163,145,36,1,2025-12-29
164,125,19,7,2025-12-01
165,98,99,1,2025-06-18
166,18,63,9,2025-12-18
167,87,28,4,2026-04-02
168,15,51,3,2025-12-25
169,241,28,2,2025-10-03
170,36,9,1,2026-01-17
171,175,2,9,2026-03-12
172,87,14,5,2025-11-29
173,59,17,5,2026-04-01
174,84,91,3,2025-12-07
175,121,38,8,2026-02-21
176,189,73,4,2025-10-31
177,4,42,7,2026-03-12
178,288,62,5,2026-01-01
179,206,63,9,2025-12-22
180,279,38,4,2026-03-05
181,188,84,2,2026-01-12
182,204,99,2,2026-01-05
183,289,6,8,2026-01-26
184,217,27,8,2026-05-06
185,56,71,8,2026-04-09
186,81,14,6,2026-02-09
187,88,29,9,2025-09-25
188,113,26,9,2025-06-16
189,135,35,5,2025-06-23
190,15,70,3,2025-08-03
191,199,60,5,2026-05-15
192,262,75,3,2026-03-01
193,298,47,4,2025-11-11
194,206,10,1,2025-07-16
195,27,79,4,2025-12-20
196,82,52,7,2025-07-30
197,115,66,8,2025-11-03
198,168,48,4,2025-11-28
199,249,67,8,2026-05-31
200,66,99,1,2025-10-23
201,69,87,3,2026-01-24
202,269,8,2,2025-10-01
203,279,43,4,2026-05-05
204,200,38,9,2026-03-28
205,185,50,7,2025-12-16
206,255,84,7,2025-07-04
207,162,19,1,2025-12-13
208,184,40,2,2026-02-23
209,198,33,1,2026-03-31
210,261,68,4,2026-04-29
211,234,45,2,2025-06-15
212,284,61,3,2026-05-12
213,85,81,1,2026-05-03
214,197,41,5,2026-01-10
215,152,64,9,2026-03-23
216,102,95,4,2025-07-31
217,75,42,9,2025-12-07
218,190,73,9,2025-10-12
219,165,54,4,2025-06-09
220,138,23,6,2026-02-06
221,36,24,4,2026-02-16
222,100,82,2,2025-09-12
223,126,68,5,2025-11-28
224,224,23,3,2025-07-20
225,54,70,1,2025-10-30
226,85,40,5,2025-11-20
227,276,97,2,2025-12-12
228,132,50,6,2025-12-10
229,93,46,2,2025-07-24
230,251,53,2,2026-02-26
231,279,92,9,2026-01-29
232,299,10,8,2025-08-13
233,33,98,9,2025-08-15
234,58,43,9,2026-03-14
235,143,34,8,2025-11-25
236,199,44,8,2025-07-25
237,26,9,4,2025-09-17
238,217,25,9,2025-08-16
239,185,81,6,2026-04-17
240,85,79,4,2026-02-16
241,181,12,7,2025-10-21
242,23,24,4,2025-07-08
243,36,90,9,2025-09-21
244,201,67,2,2026-01-21
245,293,28,8,2025-08-31
246,278,22,8,2025-07-20
247,106,48,2,2025-07-27
248,183,48,7,2025-08-02
249,296,77,3,2025-10-08
250,25,52,1,2025-11-21
251,26,23,6,2025-12-29
252,31,77,7,2025-12-22
253,44,21,3,2025-11-22
254,283,23,2,2026-05-08
255,95,16,2,2026-01-09
256,35,21,2,2025-11-15
257,232,95,6,2025-12-08
258,53,32,4,2025-07-11
259,145,90,2,2025-12-07
260,295,93,3,2026-01-31
261,200,75,7,2026-02-07
262,299,4,8,2026-02-12
263,12,85,1,2026-02-16
264,187,37,6,2025-12-29
265,163,86,1,2025-09-02
266,87,12,2,2025-06-26
267,59,69,5,2026-01-02
268,43,79,2,2025-06-20
269,74,52,6,2025-07-12
270,300,59,7,2026-02-01
271,45,4,7,2025-12-13
272,83,77,4,2026-03-27
273,159,38,9,2025-12-15
274,97,98,7,2026-04-14
275,170,34,9,2026-05-24
276,246,74,3,2025-09-04
277,41,19,7,2026-04-19
278,56,25,9,2026-01-16
279,133,13,7,2025-12-09
280,183,92,5,2025-12-08
281,218,75,8,2025-09-20
282,188,12,9,2026-05-27
283,37,45,8,2025-06-15
284,260,1,1,2025-06-07
285,82,74,5,2026-03-28
286,205,38,2,2025-08-26
287,128,11,4,2026-01-18
288,144,48,2,2026-01-12
289,40,5,2,2025-12-06
290,141,61,3,2025-11-03
291,100,56,2,2025-11-10
292,296,18,2,2025-07-15
293,178,67,6,2026-05-13
294,156,100,1,2026-04-09
295,147,13,1,2026-03-24
296,270,83,8,2026-04-08
297,178,38,7,2026-01-29
298,226,85,6,2025-08-01
299,177,6,2,2025-08-05
300,209,35,1,2025-12-06
301,120,13,8,2025-11-18
302,94,82,9,2026-02-14
303,41,97,2,2025-10-21
304,274,1,7,2026-05-08
305,271,90,5,2026-02-20
306,41,37,1,2025-12-31
307,120,53,7,2025-07-30
308,133,75,3,2026-03-15
309,163,52,6,2025-12-25
310,246,42,1,2025-09-22
311,206,98,7,2025-12-22
312,171,44,5,2026-04-11
313,216,78,7,2025-10-12
314,72,26,9,2025-10-25
315,296,99,6,2026-05-08
316,277,41,6,2026-03-16
317,20,26,2,2025-06-09
318,193,76,9,2025-11-25
319,36,73,6,2025-08-03
320,22,94,2,2026-04-14
321,169,75,9,2025-08-27
322,226,90,7,2026-01-04
323,127,22,4,2025-07-30
324,102,62,3,2025-06-20
325,158,18,6,2026-01-30
326,296,91,5,2026-01-26
327,135,13,5,2025-12-06
328,283,15,7,2025-08-02
329,114,39,7,2025-09-14
330,216,49,9,2026-02-23
331,46,14,6,2026-05-16
332,228,97,7,2025-12-25
333,150,27,4,2025-06-06
334,19,85,4,2026-03-24
335,35,9,4,2026-04-01
336,252,44,8,2026-03-24
337,132,59,4,2025-08-08
338,120,12,3,2025-10-03
339,244,78,7,2026-02-09
340,39,14,3,2025-07-26
341,73,45,9,2025-12-14
342,236,69,2,2026-02-24
343,242,4,2,2026-04-02
344,168,48,5,2026-04-04
345,269,44,4,2025-11-19
346,147,84,6,2025-07-05
347,126,64,1,2025-12-21
348,278,33,5,2026-01-11
349,52,75,5,2025-08-07
350,140,85,5,2026-01-21
351,105,91,3,2025-11-20
352,40,67,2,2025-07-07
353,20,16,7,2025-09-16
354,204,81,6,2026-04-03
355,140,44,3,2025-09-19
356,175,61,8,2026-03-28
357,161,85,9,2026-05-10
358,271,50,3,2025-07-13
359,288,40,2,2025-07-31
360,192,90,8,2025-09-16
361,91,55,4,2025-12-19
362,149,87,5,2025-10-30
363,270,10,6,2026-02-11
364,297,51,9,2026-02-02
365,228,17,5,2026-05-18
366,214,10,2,2025-10-11
367,50,86,1,2026-03-19
368,138,27,8,2025-10-30
369,253,38,4,2025-06-29
370,213,16,6,2025-06-06
371,51,10,1,2025-12-13
372,258,5,8,2025-12-03
373,284,88,7,2026-02-10
374,111,75,9,2025-07-03
375,122,99,2,2025-08-20
376,274,27,8,2025-09-10
377,294,98,5,2026-05-24
378,212,60,8,2025-06-16
379,262,32,6,2026-04-22
380,167,9,1,2026-03-29
381,79,9,4,2025-12-12
382,290,12,6,2025-10-11
383,4,6,6,2026-01-22
384,166,25,8,2025-08-18
385,154,60,2,2026-02-09
386,222,98,3,2025-12-07
387,127,85,9,2025-07-09
388,122,59,1,2025-09-13
389,108,94,2,2025-09-28
390,196,39,7,2026-05-14
391,294,16,2,2025-10-13
392,253,7,4,2026-03-26
393,296,29,1,2026-04-11
394,172,42,1,2025-10-12
395,44,73,5,2025-06-17
396,12,65,2,2026-05-10
397,233,79,1,2026-01-01
398,216,41,1,2026-04-25
399,176,48,2,2025-12-10
400,208,41,4,2025-12-07
401,291,24,9,2026-03-12
402,88,1,6,2025-11-20
403,186,53,4,2025-12-24
404,62,29,3,2026-04-13
405,178,82,5,2025-11-10
406,131,65,3,2025-07-01
407,41,87,9,2025-08-22
408,161,38,1,2026-02-17
409,105,26,1,2026-06-02
410,224,22,7,2025-07-25
411,102,98,8,2026-05-02
412,136,61,2,2025-11-25
413,111,61,2,2026-04-25
414,61,39,9,2025-07-18
415,229,45,7,2026-05-15
416,295,79,1,2026-03-03
417,44,33,6,2025-06-08
418,129,79,7,2025-09-02
419,249,90,3,2025-11-26
420,185,97,4,2026-06-02
421,224,60,6,2026-04-13
422,5,37,5,2025-12-07
423,210,81,9,2025-08-01
424,137,46,9,2026-04-24
425,165,63,7,2025-08-17
426,200,48,4,2026-03-29
427,262,97,6,2026-05-06
428,111,58,9,2025-06-27
429,12,13,4,2025-08-22
430,13,2,4,2025-06-11
431,77,10,3,2025-07-10
432,118,11,5,2025-10-01
433,144,100,7,2025-10-07
434,132,51,9,2025-12-15
435,297,50,5,2025-09-14
436,131,86,8,2025-07-08
437,269,38,5,2025-10-15
438,59,46,6,2026-02-12
439,93,22,6,2025-12-11
440,110,91,2,2025-09-29
441,95,12,7,2025-07-24
442,278,64,3,2026-05-16
443,45,1,7,2026-03-20
444,93,73,7,2025-08-06
445,50,79,6,2025-11-23
446,129,76,4,2026-03-31
447,158,13,3,2025-10-01
448,174,91,7,2026-02-07
449,229,100,3,2025-09-17
450,60,8,6,2025-06-18
451,72,74,9,2025-06-28
452,223,55,4,2025-07-02
453,161,98,3,2026-05-08
454,203,78,8,2026-01-22
455,239,14,8,2025-11-20
456,259,73,1,2026-01-30
457,49,37,7,2026-04-13
458,64,67,2,2025-08-26
459,212,60,7,2025-07-01
460,215,30,8,2025-10-19
461,250,85,7,2026-03-11
462,272,69,6,2026-04-25
463,73,37,2,2026-01-09
464,233,21,9,2025-10-27
465,103,85,2,2025-10-01
466,132,9,9,2026-01-31
467,299,12,8,2026-04-13
468,96,79,6,2026-04-19
469,187,20,8,2025-07-11
470,187,51,8,2026-03-20
471,120,77,9,2025-06-14
472,20,92,8,2026-05-21
473,151,35,8,2026-01-21
474,67,91,4,2025-07-04
475,150,86,2,2025-06-06
476,47,93,6,2025-12-14
477,132,90,2,2026-05-31
478,184,15,8,2025-07-18
479,80,51,4,2026-02-09
480,202,14,2,2025-07-01
481,125,94,9,2026-05-07
482,111,16,1,2026-03-27
483,62,71,4,2026-02-16
484,117,44,8,2025-09-28
485,5,86,8,2025-09-16
486,4,28,9,2026-02-04
487,96,60,8,2025-08-22
488,102,79,8,2025-11-20
489,173,1,3,2026-01-07
490,201,29,7,2025-06-28
491,267,14,3,2025-06-10
492,37,57,9,2025-08-16
493,125,47,6,2026-02-03
494,105,61,3,2025-09-08
495,130,72,8,2026-03-21
496,61,80,6,2026-05-31
497,15,27,1,2025-10-20
498,292,23,7,2026-04-17
499,266,66,3,2025-06-08
500,130,45,5,2025-10-18
501,93,67,3,2026-03-01
502,168,100,7,2026-03-26
503,128,15,1,2025-11-19
504,195,96,6,2025-11-02
505,162,29,7,2026-01-08
506,58,41,4,2025-09-23
507,208,14,2,2026-03-03
508,226,22,4,2025-07-14
509,83,38,7,2026-01-18
510,247,43,7,2025-11-16
511,109,8,6,2025-11-15
512,52,5,4,2026-01-27
513,76,13,7,2025-11-13
514,79,11,6,2025-11-29
515,60,69,3,2025-11-14
516,42,58,1,2025-07-14
517,138,94,6,2025-11-16
518,71,79,5,2026-03-06
519,246,39,3,2025-12-31
520,120,67,4,2025-06-29
521,205,42,8,2025-07-02
522,76,64,1,2025-07-29
523,174,15,5,2026-04-02
524,120,29,6,2026-04-16
525,292,96,1,2026-03-17
526,57,90,3,2025-10-12
527,109,63,3,2026-03-01
528,109,80,3,2025-12-27
529,56,80,3,2026-05-30
530,77,56,1,2026-05-22
531,122,84,1,2025-12-07
532,226,65,1,2025-07-21
533,186,59,2,2026-02-01
534,225,44,1,2025-12-27
535,202,33,4,2026-02-02
536,63,1,5,2026-02-24
537,91,5,6,2026-02-05
538,36,68,2,2026-01-04
539,98,13,9,2026-03-25
540,251,38,3,2025-12-23
541,4,75,4,2025-06-24
542,63,73,3,2026-06-01
543,15,79,2,2025-06-10
544,90,35,3,2026-02-15
545,185,68,8,2025-11-25
546,159,59,6,2025-10-15
547,115,97,7,2026-02-24
548,75,41,6,2025-12-15
549,188,65,5,2025-07-28
550,289,50,5,2026-02-28
551,289,76,9,2025-06-27
552,142,15,6,2026-01-22
553,47,72,1,2026-05-03
554,48,29,3,2026-03-08
555,107,42,5,2026-05-10
556,154,7,8,2025-08-21
557,163,44,8,2026-05-03
558,27,37,8,2025-10-19
559,80,90,9,2025-07-17
560,107,70,8,2025-08-01
561,285,88,5,2025-09-29
562,17,20,7,2025-12-07
563,169,79,8,2026-02-02
564,29,38,2,2026-03-29
565,55,65,2,2025-10-11
566,34,75,3,2025-11-28
567,263,29,9,2025-11-16
568,247,97,2,2026-03-02
569,218,34,2,2025-10-27
570,100,95,1,2025-10-07
571,64,37,8,2025-07-06
572,166,66,7,2025-07-30
573,81,15,2,2025-11-27
574,204,21,1,2025-10-03
575,48,41,2,2026-01-07
576,175,2,5,2026-01-29
577,122,34,3,2026-02-26
578,261,23,4,2025-07-05
579,214,22,7,2026-04-02
580,112,97,8,2026-01-21
581,292,13,5,2025-12-21
582,27,57,2,2025-09-21
583,30,50,9,2026-01-04
584,2,94,6,2025-11-03
585,176,100,8,2026-01-14
586,140,83,4,2026-03-21
587,188,87,1,2026-03-02
588,25,26,9,2026-01-05
589,199,8,9,2025-07-15
590,7,54,6,2025-08-23
591,105,84,5,2025-06-15
592,119,94,9,2026-01-20
593,284,67,5,2025-11-22
594,125,56,2,2025-11-16
595,205,1,2,2026-05-02
596,146,26,2,2026-03-22
597,262,91,1,2025-10-22
598,259,13,7,2025-10-10
599,50,55,6,2025-11-06
600,49,54,5,2025-08-12
601,264,71,2,2026-01-20
602,243,53,3,2026-05-18
603,177,30,7,2025-08-11
604,153,39,2,2026-04-17
605,236,16,2,2025-06-03
606,217,21,7,2025-06-08
607,172,63,3,2025-11-12
608,167,44,8,2026-06-02
609,238,87,3,2026-05-31
610,162,23,5,2026-01-24
611,290,20,4,2026-01-10
612,103,33,2,2025-06-25
613,23,17,1,2025-08-17
614,272,81,6,2026-02-21
615,165,32,4,2025-11-30
616,2,80,6,2025-11-26
617,55,11,8,2026-05-21
618,27,4,7,2026-02-26
619,123,90,3,2025-08-13
620,102,17,9,2025-09-26
621,86,49,9,2025-09-09
622,73,46,9,2025-06-22
623,10,84,6,2025-06-08
624,71,83,9,2025-11-12
625,135,16,3,2025-07-15
626,12,19,8,2025-06-22
627,158,35,8,2025-08-06
628,215,91,3,2025-11-12
629,9,94,1,2025-10-01
630,39,83,5,2026-01-22
631,82,58,9,2026-02-20
632,118,44,8,2025-06-03
633,101,2,4,2025-10-14
634,227,97,3,2025-07-03
635,25,33,5,2025-11-07
636,214,52,8,2026-05-22
637,119,93,5,2025-11-06
638,158,70,3,2025-11-14
639,3,53,7,2025-10-01
640,166,13,3,2025-08-06
641,97,9,7,2026-02-02
642,189,22,9,2026-05-18
643,130,47,9,2026-02-02
644,34,39,5,2025-09-08
645,86,43,8,2025-07-01
646,207,36,5,2026-03-19
647,122,31,9,2026-01-05
648,237,64,2,2026-04-22
649,182,60,5,2026-05-05
650,134,37,6,2025-06-11
651,59,1,8,2025-10-18
652,84,40,9,2026-02-19
653,41,95,1,2025-12-25
654,47,74,6,2025-07-29
655,143,93,1,2025-09-25
656,125,68,1,2025-10-12
657,112,72,3,2025-11-20
658,246,36,8,2025-09-30
659,77,30,3,2025-08-10
660,124,63,7,2025-07-20
661,108,36,6,2026-03-14
662,90,24,8,2025-11-13
663,197,12,1,2025-09-11
664,227,68,6,2025-09-13
665,140,9,8,2026-05-31
666,57,88,2,2026-05-06
667,147,51,1,2026-04-25
668,47,66,6,2025-12-09
669,66,62,5,2025-07-18
670,299,62,5,2026-02-03
671,263,28,8,2026-05-09
672,276,25,3,2025-06-17
673,162,87,1,2025-08-22
674,122,68,8,2026-05-13
675,253,51,4,2025-09-22
676,216,35,6,2025-08-08
677,3,36,9,2026-04-24
678,134,83,6,2026-05-26
679,213,53,2,2026-05-01
680,230,77,8,2025-09-25
681,112,47,4,2026-01-14
682,32,1,7,2026-03-13
683,23,70,5,2025-11-18
684,290,97,7,2025-09-16
685,214,32,1,2026-02-15
686,66,37,7,2025-10-15
687,208,90,6,2025-10-16
688,9,76,8,2026-04-12
689,212,99,1,2025-11-13
690,278,74,9,2026-01-02
691,225,19,5,2025-06-26
692,295,23,1,2025-09-23
693,172,76,9,2025-12-04
694,75,39,4,2025-06-19
695,199,94,8,2025-08-19
696,287,75,9,2025-10-04
697,33,97,6,2025-12-18
698,3,37,4,2026-05-10
699,286,93,7,2026-03-06
700,115,58,7,2026-04-14
701,255,56,7,2026-04-24
702,290,21,4,2026-01-19
703,238,69,3,2025-08-05
704,92,56,6,2025-09-21
705,154,29,2,2025-11-01
706,76,71,8,2025-06-14
707,132,26,9,2026-05-05
708,280,48,3,2026-04-18
709,274,97,5,2025-06-26
710,92,54,1,2026-05-25
711,288,35,8,2026-02-12
712,289,31,8,2025-12-21
713,99,78,9,2026-02-13
714,263,10,1,2025-11-07
715,107,37,5,2026-02-06
716,246,91,5,2026-05-15
717,160,66,7,2025-11-22
718,274,44,4,2026-02-18
719,132,71,3,2025-07-26
720,56,95,2,2026-04-13
721,269,64,7,2025-06-20
722,178,83,2,2025-10-04
723,117,73,9,2025-10-25
724,17,46,3,2026-04-30
725,5,86,4,2025-12-21
726,113,12,8,2025-09-22
727,226,78,4,2025-12-13
728,146,80,9,2026-01-31
729,203,41,4,2025-06-21
730,185,25,6,2026-01-23
731,123,56,6,2025-10-24
732,150,15,3,2025-10-15
733,127,30,2,2026-05-11
734,129,75,3,2025-12-07
735,271,73,5,2026-01-29
736,270,36,1,2025-06-27
737,132,77,1,2025-12-08
738,107,85,6,2026-03-27
739,209,77,1,2025-09-08
740,57,31,9,2026-05-27
741,214,97,6,2025-06-30
742,17,14,5,2025-12-27
743,77,6,6,2026-02-22
744,24,4,3,2025-06-09
745,13,11,4,2025-11-22
746,248,13,8,2025-12-16
747,166,30,4,2026-01-11
748,197,88,6,2026-02-17
749,127,11,5,2026-03-23
750,133,9,1,2025-08-01
751,102,53,6,2026-03-26
752,35,76,3,2025-06-25
753,265,51,6,2025-11-20
754,15,96,3,2025-08-07
755,149,45,2,2025-11-04
756,181,7,3,2025-09-27
757,140,91,4,2026-02-18
758,66,4,2,2025-08-16
759,95,7,5,2026-05-05
760,90,88,2,2025-09-22
761,88,96,6,2026-02-19
762,202,29,9,2026-05-24
763,163,27,1,2025-07-07
764,297,25,1,2025-09-05
765,113,90,9,2025-09-03
766,141,35,9,2025-06-08
767,27,87,5,2026-01-26
768,31,19,5,2025-11-26
769,160,46,7,2026-03-17
770,103,2,2,2025-06-03
771,183,76,2,2025-10-04
772,141,12,1,2025-08-06
773,188,59,3,2026-03-30
774,132,88,2,2025-12-20
775,19,83,7,2026-05-05
776,131,58,4,2025-07-03
777,180,69,1,2026-04-20
778,251,63,4,2026-02-17
779,275,43,6,2025-09-12
780,182,33,4,2025-09-02
781,292,57,6,2025-06-04
782,254,28,1,2026-04-30
783,36,34,1,2025-12-23
784,136,92,3,2025-12-09
785,129,4,1,2025-07-05
786,208,31,8,2025-07-31
787,24,60,4,2026-02-09
788,227,87,7,2025-10-23
789,111,61,7,2025-12-31
790,284,44,8,2025-11-10
791,264,32,6,2025-06-20
792,66,92,4,2025-06-11
793,116,17,2,2025-12-18
794,172,76,1,2026-04-21
795,289,8,4,2025-06-29
796,286,81,3,2026-06-01
797,70,22,6,2025-07-19
798,81,2,7,2026-04-15
799,116,34,1,2026-01-02
800,40,58,7,2025-09-04
801,224,78,7,2025-07-28
802,126,8,4,2025-07-13
803,25,26,1,2026-03-15
804,148,87,9,2026-02-28
805,127,52,3,2025-07-28
806,190,86,2,2025-08-05
807,213,31,7,2025-06-09
808,5,20,1,2025-09-09
809,45,6,9,2026-01-07
810,168,68,1,2025-12-08
811,97,99,7,2025-07-31
812,121,7,8,2026-05-27
813,29,7,2,2025-11-15
814,167,17,4,2025-12-06
815,105,41,1,2025-08-22
816,137,9,5,2025-08-04
817,201,96,5,2025-09-06
818,170,57,7,2025-07-01
819,293,46,9,2026-01-21
820,292,75,2,2025-08-09
821,51,10,7,2026-04-07
822,267,6,7,2026-04-24
823,215,64,2,2026-04-10
824,204,65,5,2026-04-16
825,248,84,2,2025-11-02
826,252,48,6,2025-11-23
827,166,15,6,2025-11-08
828,30,66,6,2025-12-18
829,49,21,1,2026-05-01
830,13,34,5,2025-10-31
831,237,70,9,2025-09-01
832,88,94,4,2025-10-17
833,158,3,2,2026-02-15
834,124,11,7,2025-07-11
835,172,67,5,2025-08-21
836,192,30,5,2025-07-17
837,209,95,2,2026-04-12
838,86,65,5,2026-06-01
839,143,69,1,2026-02-14
840,104,82,2,2025-07-21
841,296,34,1,2025-07-03
842,74,86,5,2026-01-10
843,27,59,1,2025-11-23
844,285,93,1,2025-11-21
845,209,96,4,2025-10-15
846,9,49,4,2026-05-03
847,95,81,9,2026-01-03
848,287,66,4,2026-03-27
849,230,8,8,2025-08-04
850,294,76,1,2026-04-25
851,203,11,7,2026-02-17
852,259,44,7,2025-08-08
853,207,99,7,2026-03-17
854,152,85,6,2026-02-01
855,242,85,8,2026-04-29
856,260,31,6,2026-04-22
857,129,86,3,2025-09-13
858,235,96,8,2025-07-03
859,127,85,1,2026-03-31
860,125,51,6,2025-07-13
861,255,83,4,2025-09-13
862,258,83,2,2026-03-12
863,245,54,1,2026-01-18
864,200,61,3,2026-03-04
865,22,3,1,2025-08-29
866,85,10,8,2025-11-17
867,266,89,5,2025-09-24
868,247,39,3,2025-08-08
869,36,83,2,2026-03-23
870,150,32,5,2025-12-18
871,112,5,2,2025-12-07
872,271,33,7,2026-04-03
873,286,65,9,2025-12-11
874,211,94,9,2025-12-03
875,234,87,8,2025-10-07
876,84,86,1,2025-07-12
877,111,21,6,2026-05-14
878,172,100,4,2025-06-06
879,36,46,9,2026-03-24
880,96,88,9,2025-12-26
881,231,64,9,2025-06-14
882,14,77,2,2026-04-06
883,84,19,8,2026-01-09
884,282,26,3,2025-07-04
885,300,71,5,2025-11-09
886,153,50,4,2025-10-09
887,259,57,2,2025-12-26
888,191,16,5,2026-01-30
889,170,27,4,2025-09-05
890,299,73,3,2025-12-22
891,191,85,2,2026-05-01
892,49,40,3,2026-02-10
893,159,46,9,2025-07-21
894,93,89,4,2025-11-14
895,244,1,1,2026-05-29
896,174,99,6,2025-07-17
897,290,33,9,2026-01-22
898,184,53,3,2025-07-20
899,86,57,6,2026-05-03
900,291,74,6,2025-11-01
901,279,52,5,2026-02-14
902,140,9,2,2026-01-04
903,287,57,1,2026-02-11
904,145,40,8,2026-01-10
905,131,98,6,2026-05-02
906,274,12,2,2025-11-20
907,221,47,6,2026-01-27
908,76,13,8,2026-02-27
909,12,60,7,2026-02-01
910,92,58,2,2025-08-21
911,264,19,8,2026-04-13
912,110,40,4,2026-05-10
913,80,3,8,2025-12-15
914,219,89,2,2025-07-09
915,60,28,8,2026-02-04
916,158,42,9,2025-12-26
917,124,100,5,2025-06-24
918,219,14,8,2025-06-09
919,284,69,1,2025-12-09
920,61,90,4,2026-02-18
921,111,41,2,2026-04-01
922,68,80,4,2025-06-21
923,212,14,7,2025-06-14
924,279,39,3,2026-05-29
925,281,49,8,2026-01-04
926,266,81,7,2025-11-08
927,216,5,7,2026-01-20
928,151,24,8,2026-02-25
929,195,49,1,2025-12-05
930,109,90,7,2026-02-13
931,47,99,1,2026-06-02
932,258,56,8,2025-09-03
933,157,74,1,2025-07-14
934,85,62,8,2026-02-05
935,146,5,9,2026-02-01
936,206,73,5,2025-11-02
937,4,84,7,2025-08-01
938,170,3,9,2025-09-30
939,291,23,7,2025-12-09
940,64,1,3,2026-03-11
941,118,47,3,2026-05-18
942,212,49,6,2025-07-15
943,188,84,6,2025-08-17
944,215,24,4,2025-10-02
945,4,49,6,2025-08-13
946,31,79,8,2025-12-06
947,64,5,7,2025-07-17
948,171,61,7,2026-05-09
949,285,43,8,2026-04-21
950,256,55,1,2026-05-22
951,93,6,3,2025-11-23
952,270,87,8,2025-06-28
953,69,26,1,2026-02-10
954,35,98,2,2026-01-11
955,32,9,6,2025-07-25
956,262,80,4,2025-09-06
957,89,84,8,2026-01-24
958,117,97,5,2026-04-20
959,62,31,9,2026-04-09
960,167,31,7,2025-10-29
961,157,99,8,2025-07-17
962,130,78,9,2025-11-28
963,64,91,1,2025-12-12
964,164,43,6,2025-06-19
965,3,10,1,2025-06-22
966,177,62,3,2025-06-22
967,236,2,8,2026-03-01
968,57,24,1,2025-11-16
969,239,60,7,2025-11-11
970,245,37,8,2026-04-24
971,210,93,8,2025-09-03
972,44,28,9,2025-08-26
973,119,33,9,2025-09-19
974,262,38,5,2026-06-02
975,286,42,1,2025-10-14
976,254,57,1,2026-02-25
977,153,39,7,2026-05-18
978,29,20,7,2025-09-18
979,142,55,7,2025-11-26
980,243,13,9,2025-10-09
981,14,82,8,2025-10-12
982,273,16,6,2026-05-08
983,193,12,3,2026-01-09
984,46,96,3,2026-04-01
985,278,18,4,2025-10-06
986,57,86,6,2026-06-02
987,237,11,7,2026-01-19
988,29,59,9,2026-03-16
989,47,97,2,2025-07-27
990,22,77,3,2025-09-30
991,194,86,3,2026-01-26
992,282,26,9,2026-04-21
993,274,26,2,2025-06-21
994,260,52,1,2026-05-23
995,64,37,5,2026-05-19
996,129,100,4,2025-11-27
997,109,61,2,2025-12-16
998,185,98,4,2026-02-16
999,135,67,4,2025-09-25
1000,230,88,7,2025-09-24
